record_id,month,region,product_family,forecast_demand_units,actual_demand_units,beginning_inventory_units,planned_supply_receipts_units,units_fulfilled,ending_inventory_units
1,2026-01,Americas,Industrial Sensors,245,241,78,167,237,8
2,2026-02,Americas,Industrial Sensors,198,170,40,129,158,11
3,2026-03,Americas,Industrial Sensors,311,308,80,225,287,18
4,2026-04,Americas,Industrial Sensors,273,272,81,171,249,3
5,2026-05,Americas,Industrial Sensors,288,293,89,189,264,14
6,2026-06,Americas,Industrial Sensors,236,270,84,183,262,5
7,2026-07,Americas,Industrial Sensors,262,252,82,173,238,17
8,2026-08,Americas,Industrial Sensors,234,251,72,176,233,15
9,2026-01,EMEA,Industrial Sensors,178,175,50,131,170,11
10,2026-02,EMEA,Industrial Sensors,172,158,59,118,149,28
11,2026-03,EMEA,Industrial Sensors,196,201,65,133,193,5
12,2026-04,EMEA,Industrial Sensors,254,250,74,184,232,26
13,2026-05,EMEA,Industrial Sensors,236,239,79,157,224,12
14,2026-06,EMEA,industrial sensors,234,252,71,166,233,4
15,2026-07,EMEA,Industrial Sensors,192,192,55,147,173,29
16,2026-08,EMEA,Industrial Sensors,286,270,92,173,261,4
17,2026-01,APAC,Industrial Sensors,238,235,66,186,222,30
18,2026-02,APAC,Industrial Sensors,241,244,76,165,222,19
19,2026-03,APAC,industrial sensors,278,265,82,191,248,25
20,2026-04,APAC,Industrial Sensors,338,323,87,232,298,21
21,2026-05,APAC,Industrial Sensors,259,241,77,177,231,23
22,2026-06,APAC,Industrial Sensors,228,193,59,153,183,29
23,2026-07,APAC,Industrial Sensors,258,265,84,180,253,11
24,2026-08,APAC,Industrial Sensors,298,281,82,202,274,10
25,2026-01,Northern Europe,Industrial Sensors,149,122,45,103,118,30
26,2026-02,Northern Europe,Industrial Sensors,173,171,64,131,167,28
27,2026-03,Northern Europe,Industrial Sensors,200,193,64,155,189,30
28,2026-04,Northern Europe,Industrial Sensors,201,225,64,169,214,19
29,2026-05,Northern Europe,Industrial Sensors,211,232,74,163,222,15
30,2026-06,Northern Europe,Industrial Sensors,197,189,47,160,180,27
31,2026-07,Northern Europe,Industrial Sensors,150,160,46,118,150,14
32,2026-08,Northern Europe,Industrial Sensors,246,221,72,171,214,29
33,2026-01,Central Europe,industrial sensors,198,182,48,145,173,20
34,2026-02,Central Europe,Industrial Sensors,244,244,72,183,230,25
35,2026-03,Central Europe,Industrial Sensors,278,286,74,234,279,29
36,2026-04,Central Europe,Industrial Sensors,168,168,43,126,156,13
37,2026-05,Central Europe,Industrial Sensors,283,294,73,221,274,20
38,2026-06,Central Europe,Industrial Sensors,197,197,52,144,187,9
39,2026-07,Central Europe,Industrial Sensors,238,242,72,155,225,2
40,2026-08,Central Europe,Industrial Sensors,291,285,87,199,269,17
41,2026-01,Americas,Industrial Sensors,195,213,73,149,209,13
42,2026-02,Americas,Industrial Sensors,236,231,67,169,213,23
43,2026-03,Americas,Industrial Sensors,230,218,48,187,211,24
44,2026-04,Americas,Industrial Sensors,257,256,81,181,236,26
45,2026-05,Americas,Industrial Sensors,196,178,49,151,178,22
46,2026-06,Americas,Industrial Sensors,330,344,99,231,326,4
47,2026-07,Americas,Industrial Sensors,277,267,96,174,253,17
48,2026-08,Americas,Industrial Sensors,265,219,64,177,214,27
49,2026-01,EMEA,Industrial Sensors ,220,220,67,148,201,14
50,2026-02,EMEA,Industrial Sensors,269,250,60,208,234,34
51,2026-03,EMEA,Industrial Sensors ,244,250,71,190,242,19
52,2026-04,EMEA,Industrial Sensors,294,289,89,199,271,17
53,2026-05,EMEA,Industrial Sensors,245,256,82,187,237,32
54,2026-06,EMEA,Industrial Sensors ,271,285,88,220,282,26
55,2026-07,EMEA,Industrial Sensors,293,302,89,220,280,29
56,2026-08,EMEA,Industrial Sensors,269,284,74,221,265,30
57,2026-01,APAC,Industrial Sensors,257,264,85,180,259,6
58,2026-02,APAC,Industrial Sensors,256,277,77,186,260,3
59,2026-03,APAC,Industrial Sensors,282,276,69,219,260,28
60,2026-04,APAC,Industrial Sensors ,263,266,72,191,259,4
61,2026-05,APAC,Industrial Sensors,243,280,86,220,277,29
62,2026-06,APAC,Industrial Sensors,268,278,83,203,261,25
63,2026-07,APAC,Industrial Sensors,224,207,66,137,194,9
64,2026-08,APAC,industrial sensors,225,220,62,165,203,24
65,2026-01,Northern Europe,Industrial Sensors,214,225,65,164,223,6
66,2026-02,Northern Europe,industrial sensors,147,140,43,114,139,18
67,2026-03,Northern Europe,Industrial Sensors,241,211,68,141,202,7
68,2026-04,Northern Europe,Industrial Sensors,231,254,79,189,239,29
69,2026-05,Northern Europe,Industrial Sensors,195,181,45,136,174,7
70,2026-06,Northern Europe,Industrial Sensors,195,210,61,152,204,9
71,2026-07,Northern Europe,Industrial Sensors,173,181,54,128,168,14
72,2026-08,Northern Europe,Industrial Sensors,207,190,49,155,178,26
73,2026-01,Central Europe,Industrial Sensors ,218,243,48,189,226,11
74,2026-02,Central Europe,Industrial Sensors,288,310,83,226,304,5
75,2026-03,Central Europe,Industrial Sensors,255,263,70,198,243,25
76,2026-04,Central Europe,Industrial Sensors,230,203,59,138,191,6
77,2026-05,Central Europe,Industrial Sensors,230,190,47,138,180,5
78,2026-06,Central Europe,Industrial Sensors,223,211,64,148,196,16
79,2026-07,Central Europe,Industrial Sensors,246,226,68,163,211,20
80,2026-08,Central Europe,Industrial Sensors,184,177,42,145,166,21
81,2026-01,Americas,Industrial Sensors,275,280,80,192,256,16
82,2026-02,Americas,Industrial Sensors,298,292,92,200,270,22
83,2026-03,Americas,Industrial Sensors,232,258,79,169,239,9
84,2026-04,Americas,industrial sensors,269,250,73,193,242,24
85,2026-05,Americas,industrial sensors,306,331,97,226,317,6
86,2026-06,Americas,Industrial Sensors,303,277,71,187,253,5
87,2026-07,Americas,Industrial Sensors,249,263,74,197,249,22
88,2026-08,Americas,Industrial Sensors,218,264,89,198,257,30
89,2026-01,EMEA,Industrial Sensors,209,230,65,167,212,20
90,2026-02,EMEA,Industrial Sensors,253,267,78,206,261,23
91,2026-03,EMEA,Industrial Sensors,206,216,67,149,204,12
92,2026-04,EMEA,Industrial Sensors,222,229,63,178,211,30
93,2026-05,EMEA,Industrial Sensors,247,247,57,205,245,17
94,2026-06,EMEA,Industrial Sensors,234,230,64,182,220,26
95,2026-07,EMEA,Industrial Sensors ,240,272,70,231,269,32
96,2026-08,EMEA,Industrial Sensors,207,212,44,156,194,6
97,2026-01,APAC,Industrial Sensors,228,245,68,171,223,16
98,2026-02,APAC,Industrial Sensors,289,297,84,234,285,33
99,2026-03,APAC,Industrial Sensors,233,204,35,166,191,10
100,2026-04,APAC,Industrial Sensors,285,248,83,160,227,16
101,2026-05,APAC,Industrial Sensors,271,271,76,211,265,22
102,2026-06,APAC,Industrial Sensors,308,323,102,237,319,20
103,2026-07,APAC,Industrial Sensors,335,340,97,248,327,18
104,2026-08,APAC,Industrial Sensors,233,245,64,190,231,23
105,2026-01,Northern Europe,Industrial Sensors,131,154,57,96,144,9
106,2026-02,Northern Europe,Industrial Sensors,155,146,45,123,139,29
107,2026-03,Northern Europe,industrial sensors,156,191,53,158,183,28
108,2026-04,Northern Europe,Industrial Sensors,225,232,58,182,211,29
109,2026-05,Northern Europe,Industrial Sensors,192,198,60,163,195,28
110,2026-06,Northern Europe,Industrial Sensors,251,282,89,186,257,18
111,2026-07,Northern Europe,Industrial Sensors ,149,140,47,101,137,11
112,2026-08,Northern Europe,Industrial Sensors,182,174,54,111,160,5
113,2026-01,Central Europe,power modules,126,145,39,128,144,23
114,2026-02,Central Europe,Power Modules,157,153,55,105,144,16
115,2026-03,Central Europe,Power Modules,154,147,38,118,145,11
116,2026-04,Central Europe,Power Modules,220,223,81,141,210,12
117,2026-05,Central Europe,Power Modules,183,183,37,165,172,30
118,2026-06,Central Europe,Power Modules,168,167,52,115,153,14
119,2026-07,Central Europe,Power Modules,194,205,63,143,193,13
120,2026-08,Central Europe,Power Modules,165,166,37,143,162,18
121,2026-01,Americas,Power Modules,161,140,36,96,127,5
122,2026-02,Americas,Power Modules,175,170,45,136,168,13
123,2026-03,Americas,Power Modules,203,212,62,174,202,34
124,2026-04,Americas,Power Modules,230,253,72,182,248,6
125,2026-05,Americas,Power Modules,209,199,58,159,193,24
126,2026-06,Americas,Power Modules,196,206,55,151,196,10
127,2026-07,Americas,Power Modules,235,256,79,186,254,11
128,2026-08,Americas,Power Modules,183,165,50,130,149,31
129,2026-01,EMEA,power modules,156,127,38,93,124,7
130,2026-02,EMEA,power modules,194,169,45,138,154,29
131,2026-03,EMEA,power modules,150,165,58,104,155,7
132,2026-04,EMEA,Power Modules,234,239,78,171,226,23
133,2026-05,EMEA,Power Modules,209,195,56,130,180,6
134,2026-06,EMEA,Power Modules,166,160,41,118,148,11
135,2026-07,EMEA,Power Modules,207,198,54,150,190,14
136,2026-08,EMEA,Power Modules,197,201,63,125,181,7
137,2026-01,APAC,Power Modules,235,245,61,195,230,26
138,2026-02,APAC,Power Modules,184,204,60,157,202,15
139,2026-03,APAC,Power Modules,242,248,74,179,244,9
140,2026-04,APAC,Power Modules,245,251,61,202,242,21
141,2026-05,APAC,Power Modules,280,290,86,189,268,7
142,2026-06,APAC,Power Modules,189,206,65,155,195,25
143,2026-07,APAC,Power Modules,178,170,45,114,154,5
144,2026-08,APAC,Power Modules,208,202,61,160,194,27
145,2026-01,Northern Europe,Power Modules,180,180,60,109,163,6
146,2026-02,Northern Europe,Power Modules,114,122,43,92,119,16
147,2026-03,Northern Europe,Power Modules,163,163,58,127,155,30
148,2026-04,Northern Europe,Power Modules,126,109,35,91,105,21
149,2026-05,Northern Europe,Power Modules,149,160,45,120,157,8
150,2026-06,Northern Europe,Power Modules,234,214,75,163,211,27
151,2026-07,Northern Europe,Power Modules,164,154,41,111,145,7
152,2026-08,Northern Europe,Power Modules,95,78,37,59,78,18
153,2026-01,Central Europe,Power Modules,178,181,50,133,168,15
154,2026-02,Central Europe,Power Modules,151,181,46,146,173,19
155,2026-03,Central Europe,Power Modules,207,210,64,160,199,25
156,2026-04,Central Europe,Power Modules,168,150,43,107,140,10
157,2026-05,Central Europe,Power Modules,197,204,55,171,200,26
158,2026-06,Central Europe,Power Modules,213,211,58,142,191,9
159,2026-07,Central Europe,Power Modules,179,175,47,130,166,11
160,2026-08,Central Europe,Power Modules,142,144,35,105,132,8
161,2026-01,Americas,Power Modules,164,181,57,153,178,32
162,2026-02,Americas,Power Modules,173,172,45,146,163,28
163,2026-03,Americas,Power Modules,183,166,49,123,163,9
164,2026-04,Americas,Power Modules,191,183,64,129,175,18
165,2026-05,Americas,Power Modules,163,187,62,125,183,4
166,2026-06,Americas,Power Modules,179,179,53,138,172,19
167,2026-07,Americas,Power Modules,228,218,74,153,209,18
168,2026-08,Americas,Power Modules,230,235,56,188,234,10
169,2026-01,EMEA,Power Modules,198,191,56,142,182,16
170,2026-02,EMEA,Power Modules,159,170,57,111,162,6
171,2026-03,EMEA,Power Modules,160,158,54,127,157,24
172,2026-04,EMEA,Power Modules,239,224,75,155,209,21
173,2026-05,EMEA,Power Modules,222,219,55,169,214,10
174,2026-06,EMEA,Power Modules,211,211,58,154,191,21
175,2026-07,EMEA,Power Modules,178,171,59,127,166,20
176,2026-08,EMEA,Power Modules,208,220,71,163,206,28
177,2026-01,APAC,Power Modules,252,255,80,175,236,19
178,2026-02,APAC,Power Modules,173,153,40,128,150,18
179,2026-03,APAC,Power Modules,279,286,95,206,276,25
180,2026-04,APAC,Power Modules,213,218,61,170,201,30
181,2026-05,APAC,power modules,191,190,62,145,189,18
182,2026-06,APAC,power modules,246,254,75,184,251,8
183,2026-07,APAC,Power Modules,196,176,54,129,171,12
184,2026-08,APAC,Power Modules,210,220,67,169,203,33
185,2026-01,Northern Europe,Power Modules,88,78,29,61,75,15
186,2026-02,Northern Europe,Power Modules,180,197,67,143,187,23
187,2026-03,Northern Europe,Power Modules,202,207,62,157,190,29
188,2026-04,Northern Europe,Power Modules,167,188,55,159,188,26
189,2026-05,Northern Europe,Power Modules,147,170,50,124,160,14
190,2026-06,Northern Europe,Power Modules,150,149,49,98,146,1
191,2026-07,Northern Europe,Power Modules,166,149,41,127,148,20
192,2026-08,Northern Europe,Power Modules,195,192,63,132,185,10
193,2026-01,Central Europe,Power Modules,145,161,40,131,155,16
194,2026-02,Central Europe,Power Modules,186,199,65,159,194,30
195,2026-03,Central Europe,Power Modules,124,136,37,109,128,18
196,2026-04,Central Europe,Power Modules,130,157,45,119,146,18
197,2026-05,Central Europe,Power Modules,128,131,21,115,122,14
198,2026-06,Central Europe,Power Modules,202,219,69,173,210,32
199,2026-07,Central Europe,Power Modules,222,223,64,168,216,16
200,2026-08,Central Europe,Power Modules,232,249,87,172,248,11
201,2026-01,Americas,power modules,223,210,53,154,204,3
202,2026-02,Americas,Power Modules,155,155,37,138,150,25
203,2026-03,Americas,Power Modules,191,207,59,143,196,6
204,2026-04,Americas,Power Modules,190,210,54,159,205,8
205,2026-05,Americas,Power Modules,215,224,76,138,212,2
206,2026-06,Americas,Power Modules,176,173,50,146,172,24
207,2026-07,Americas,Power Modules,261,254,79,176,230,25
208,2026-08,Americas,Power Modules,182,171,49,135,169,15
209,2026-01,EMEA,Communication Modules,188,186,51,136,175,12
210,2026-02,EMEA,Communication Modules,160,149,45,128,144,29
211,2026-03,EMEA,Communication Modules,153,143,37,115,136,16
212,2026-04,EMEA,Communication Modules,174,177,44,132,171,5
213,2026-05,EMEA,communication modules,172,155,42,122,150,14
214,2026-06,EMEA,Communication Modules,156,166,57,130,156,31
215,2026-07,EMEA,Communication Modules,172,181,46,165,180,31
216,2026-08,EMEA,communication modules,184,161,44,140,156,28
217,2026-01,APAC,Communication Modules ,161,138,46,114,137,23
218,2026-02,APAC,Communication Modules,197,205,53,163,198,18
219,2026-03,APAC,Communication Modules,216,216,62,155,202,15
220,2026-04,APAC,Communication Modules,212,223,69,151,208,12
221,2026-05,APAC,Communication Modules ,212,211,54,171,202,23
222,2026-06,APAC,Communication Modules,185,179,47,134,168,13
223,2026-07,APAC,Communication Modules,240,238,70,175,223,22
224,2026-08,APAC,Communication Modules,203,208,49,174,199,24
225,2026-01,Northern Europe,communication modules,122,115,26,104,110,20
226,2026-02,Northern Europe,Communication Modules,118,110,32,87,101,18
227,2026-03,Northern Europe,Communication Modules,114,113,23,109,107,25
228,2026-04,Northern Europe,Communication Modules,137,136,36,128,130,34
229,2026-05,Northern Europe,Communication Modules,138,117,31,100,108,23
230,2026-06,Northern Europe,Communication Modules ,93,91,26,69,90,5
231,2026-07,Northern Europe,Communication Modules,156,167,49,125,154,20
232,2026-08,Northern Europe,Communication Modules,148,142,44,102,142,4
233,2026-01,Central Europe,Communication Modules,161,178,56,149,173,32
234,2026-02,Central Europe,Communication Modules,145,159,40,126,147,19
235,2026-03,Central Europe,Communication Modules ,194,185,55,127,173,9
236,2026-04,Central Europe,Communication Modules,172,178,50,143,171,22
237,2026-05,Central Europe,Communication Modules,155,157,48,129,152,25
238,2026-06,Central Europe,Communication Modules,169,165,36,120,153,3
239,2026-07,Central Europe,Communication Modules,137,138,49,109,133,25
240,2026-08,Central Europe,Communication Modules,130,142,32,132,139,25
241,2026-01,Americas,Communication Modules,144,123,27,105,119,13
242,2026-02,Americas,Communication Modules,246,245,70,168,232,6
243,2026-03,Americas,Communication Modules,191,192,56,143,181,18
244,2026-04,Americas,Communication Modules,210,209,48,163,192,19
245,2026-05,Americas,Communication Modules,177,181,45,142,167,20
246,2026-06,Americas,Communication Modules,202,216,74,142,208,8
247,2026-07,Americas,Communication Modules,173,181,48,159,180,27
248,2026-08,Americas,Communication Modules,162,146,46,117,144,19
249,2026-01,EMEA,Communication Modules,181,179,48,152,173,27
250,2026-02,EMEA,Communication Modules,142,129,38,86,119,5
251,2026-03,EMEA,Communication Modules,246,255,69,188,242,15
252,2026-04,EMEA,communication modules,183,174,51,122,159,14
253,2026-05,EMEA,Communication Modules,203,202,56,161,188,29
254,2026-06,EMEA,Communication Modules ,175,178,56,128,164,20
255,2026-07,EMEA,Communication Modules,211,221,70,138,202,6
256,2026-08,EMEA,Communication Modules,194,186,55,147,176,26
257,2026-01,APAC,Communication Modules,168,157,52,102,146,8
258,2026-02,APAC,Communication Modules ,223,217,56,149,203,2
259,2026-03,APAC,Communication Modules,149,148,41,109,145,5
260,2026-04,APAC,Communication Modules,234,235,60,182,219,23
261,2026-05,APAC,Communication Modules,242,259,75,194,255,14
262,2026-06,APAC,Communication Modules,226,246,77,155,225,7
263,2026-07,APAC,Communication Modules,234,238,65,178,224,19
264,2026-08,APAC,Communication Modules,173,156,19,154,146,27
265,2026-01,Northern Europe,Communication Modules,176,188,59,154,184,29
266,2026-02,Northern Europe,Communication Modules,193,192,66,141,177,30
267,2026-03,Northern Europe,Communication Modules,174,177,55,119,169,5
268,2026-04,Northern Europe,Communication Modules,141,139,41,107,129,19
269,2026-05,Northern Europe,Communication Modules,146,138,40,124,138,26
270,2026-06,Northern Europe,Communication Modules,150,156,46,114,149,11
271,2026-07,Northern Europe,Communication Modules,168,183,57,145,176,26
272,2026-08,Northern Europe,Communication Modules,163,155,31,146,146,31
273,2026-01,Central Europe,Communication Modules,152,170,47,131,160,18
274,2026-02,Central Europe,Communication Modules,121,125,32,104,114,22
275,2026-03,Central Europe,Communication Modules,183,198,60,143,186,17
276,2026-04,Central Europe,Communication Modules,169,157,38,133,151,20
277,2026-05,Central Europe,Communication Modules,148,136,30,128,125,33
278,2026-06,Central Europe,Communication Modules,208,186,52,146,182,16
279,2026-07,Central Europe,Communication Modules,162,145,35,105,136,4
280,2026-08,Central Europe,Communication Modules,181,170,54,130,163,21
281,2026-01,Americas,Communication Modules,137,119,39,100,112,27
282,2026-02,Americas,Communication Modules,181,192,58,149,179,28
283,2026-03,Americas,Communication Modules,237,238,73,149,216,6
284,2026-04,Americas,Communication Modules,185,175,46,153,171,28
285,2026-05,Americas,Communication Modules,171,179,50,139,172,17
286,2026-06,Americas,Communication Modules,203,191,58,129,174,13
287,2026-07,Americas,Communication Modules,209,221,53,171,214,10
288,2026-08,Americas,Communication Modules,176,187,46,165,180,31
289,2026-01,EMEA,Communication Modules,156,150,48,124,143,29
290,2026-02,EMEA,Communication Modules,155,159,43,116,151,8
291,2026-03,EMEA,Communication Modules,143,143,36,115,138,13
292,2026-04,EMEA,Communication Modules,202,190,49,134,179,4
293,2026-05,EMEA,communication modules,197,174,51,123,163,11
294,2026-06,EMEA,Communication Modules,257,260,71,181,243,9
295,2026-07,EMEA,Communication Modules,174,176,48,137,169,16
296,2026-08,EMEA,Communication Modules,148,141,43,123,140,26
297,2026-01,APAC,Communication Modules,203,217,76,142,201,17
298,2026-02,APAC,Communication Modules,177,197,57,136,190,3
299,2026-03,APAC,Communication Modules,170,174,55,148,172,31
300,2026-04,APAC,Communication Modules,199,188,52,146,182,16
301,2026-05,APAC,Communication Modules,191,171,31,163,165,29
302,2026-06,APAC,Communication Modules,178,177,55,138,177,16
303,2026-07,APAC,Communication Modules,240,244,77,170,237,10
304,2026-08,APAC,Communication Modules,155,166,56,110,154,12
305,2026-01,Northern Europe,Communication Modules,141,125,36,99,124,11
306,2026-02,Northern Europe,Communication Modules,150,144,43,102,140,5
307,2026-03,Northern Europe,Communication Modules,173,205,58,151,194,15
308,2026-04,Northern Europe,Communication Modules,143,127,31,118,125,24
309,2026-05,Northern Europe,Communication Modules,142,136,44,111,127,28
310,2026-06,Northern Europe,communication modules,143,135,35,116,126,25
311,2026-07,Northern Europe,Communication Modules,137,131,42,108,120,30
312,2026-08,Northern Europe,Control Units,165,169,61,121,165,17
313,2026-01,Central Europe,Control Units,147,152,44,117,138,23
314,2026-02,Central Europe,Control Units ,137,124,31,93,122,2
315,2026-03,Central Europe,Control Units,161,169,51,128,167,12
316,2026-04,Central Europe,Control Units,149,154,53,109,143,19
317,2026-05,Central Europe,Control Units,141,147,46,103,145,4
318,2026-06,Central Europe,Control Units,200,198,59,148,181,26
319,2026-07,Central Europe,Control Units,113,108,28,107,106,29
320,2026-08,Central Europe,Control Units,144,145,48,99,143,4
321,2026-01,Americas,Control Units,183,181,54,142,170,26
322,2026-02,Americas,Control Units,182,177,57,137,169,25
323,2026-03,Americas,Control Units,155,165,44,128,154,18
324,2026-04,Americas,Control Units,200,193,64,146,183,27
325,2026-05,Americas,Control Units,143,135,49,98,132,15
326,2026-06,Americas,Control Units,213,217,66,155,207,14
327,2026-07,Americas,Control Units ,146,159,58,128,159,27
328,2026-08,Americas,Control Units,196,174,54,118,164,8
329,2026-01,EMEA,Control Units,155,151,48,113,141,20
330,2026-02,EMEA,Control Units,130,131,38,122,129,31
331,2026-03,EMEA,Control Units,135,128,51,70,120,1
332,2026-04,EMEA,Control Units,157,147,55,93,138,10
333,2026-05,EMEA,Control Units ,171,151,48,116,140,24
334,2026-06,EMEA,Control Units ,153,147,43,107,136,14
335,2026-07,EMEA,Control Units,129,119,33,92,109,16
336,2026-08,EMEA,Control Units,156,166,55,118,158,15
337,2026-01,APAC,Control Units,155,155,41,131,151,21
338,2026-02,APAC,Control Units,182,180,50,138,175,13
339,2026-03,APAC,Control Units,153,144,45,112,132,25
340,2026-04,APAC,Control Units,139,137,44,104,130,18
341,2026-05,APAC,Control Units,179,180,55,146,178,23
342,2026-06,APAC,Control Units,183,200,53,138,185,6
343,2026-07,APAC,Control Units,206,201,55,138,188,5
344,2026-08,APAC,Control Units,212,202,64,147,188,23
345,2026-01,Northern Europe,Control Units,111,96,31,87,88,30
346,2026-02,Northern Europe,Control Units,136,122,46,96,120,22
347,2026-03,Northern Europe,Control Units,65,74,16,69,73,12
348,2026-04,Northern Europe,Control Units,119,119,38,95,117,16
349,2026-05,Northern Europe,Control Units,118,103,35,71,97,9
350,2026-06,Northern Europe,Control Units,136,121,38,104,112,30
351,2026-07,Northern Europe,Control Units,148,153,46,114,140,20
352,2026-08,Northern Europe,Control Units,134,122,44,88,114,18
353,2026-01,Central Europe,Control Units ,143,129,41,100,118,23
354,2026-02,Central Europe,Control Units,149,172,67,109,160,16
355,2026-03,Central Europe,Control Units,80,76,27,54,76,5
356,2026-04,Central Europe,Control Units,191,205,69,128,192,5
357,2026-05,Central Europe,Control Units,134,135,42,107,131,18
358,2026-06,Central Europe,Control Units,188,183,54,141,174,21
359,2026-07,Central Europe,Control Units,160,180,58,120,165,13
360,2026-08,Central Europe,Control Units,141,134,49,83,127,5
361,2026-01,Americas,Control Units,178,166,47,123,165,5
362,2026-02,Americas,Control Units,186,186,50,141,183,8
363,2026-03,Americas,Control Units,186,193,59,144,191,12
364,2026-04,Americas,Control Units,194,195,65,146,192,19
365,2026-05,Americas,Control Units,147,152,50,104,149,5
366,2026-06,Americas,Control Units,187,176,51,121,165,7
367,2026-07,Americas,Control Units,140,146,45,112,143,14
368,2026-08,Americas,Control Units,221,228,64,171,209,26
369,2026-01,EMEA,Control Units,75,80,30,69,76,23
370,2026-02,EMEA,Control Units,195,207,70,136,189,17
371,2026-03,EMEA,Control Units,128,133,42,103,127,18
372,2026-04,EMEA,Control Units,179,194,69,152,191,30
373,2026-05,EMEA,Control Units,182,180,58,126,175,9
374,2026-06,EMEA,Control Units,173,174,53,134,173,14
375,2026-07,EMEA,Control Units,186,183,74,124,175,23
376,2026-08,EMEA,Control Units,170,165,43,113,149,7
377,2026-01,APAC,Control Units,168,157,50,118,148,20
378,2026-02,APAC,Control Units,149,167,48,137,156,29
379,2026-03,APAC,Control Units,240,245,89,156,234,11
380,2026-04,APAC,Control Units,180,178,62,138,176,24
381,2026-05,APAC,Control Units,184,181,62,141,176,27
382,2026-06,APAC,Control Units,149,151,48,116,142,22
383,2026-07,APAC,Control Units,182,191,61,129,180,10
384,2026-08,APAC,Control Units,207,210,50,153,200,3
385,2026-01,Northern Europe,Control Units,137,138,41,95,129,7
386,2026-02,Northern Europe,Control Units,116,118,34,97,113,18
387,2026-03,Northern Europe,Control Units,159,148,46,127,143,30
388,2026-04,Northern Europe,Control Units,117,102,38,86,99,25
389,2026-05,Northern Europe,Control Units,143,145,51,111,141,21
390,2026-06,Northern Europe,Control Units,125,115,32,90,107,15
391,2026-07,Northern Europe,Control Units,121,126,38,109,114,33
392,2026-08,Northern Europe,Control Units,137,124,37,94,121,10
393,2026-01,Central Europe,Control Units,151,181,48,153,170,31
394,2026-02,Central Europe,Control Units,157,155,43,114,148,9
395,2026-03,Central Europe,Control Units,160,169,51,137,161,27
396,2026-04,Central Europe,Control Units,191,200,62,135,196,1
397,2026-05,Central Europe,Control Units,155,163,48,112,149,11
398,2026-06,Central Europe,Control Units,148,132,45,110,132,23
399,2026-07,Central Europe,Control Units,193,197,60,139,184,15
400,2026-08,Central Europe,Control Units,174,172,53,117,162,8
401,2026-01,Americas,Control Units,155,148,50,105,147,8
402,2026-02,Americas,Control Units,138,126,36,91,116,11
403,2026-03,Americas,Safety Components,193,193,61,137,183,15
404,2026-04,Americas,Safety Components,162,164,44,125,158,11
405,2026-05,Americas,Safety Components,169,156,33,129,153,9
406,2026-06,Americas,Safety Components,168,159,54,122,156,20
407,2026-07,Americas,safety components,132,143,54,85,135,4
408,2026-08,Americas,Safety Components,150,132,36,125,132,29
409,2026-01,EMEA,Safety Components,140,133,42,87,122,7
410,2026-02,EMEA,Safety Components,163,163,53,136,161,28
411,2026-03,EMEA,safety components,135,134,43,94,127,10
412,2026-04,EMEA,safety components,116,108,32,95,107,20
413,2026-05,EMEA,Safety Components,154,159,46,131,152,25
414,2026-06,EMEA,Safety Components,137,127,41,110,124,27
415,2026-07,EMEA,Safety Components,127,128,39,95,123,11
416,2026-08,EMEA,Safety Components,149,131,43,104,123,24
417,2026-01,APAC,Safety Components,151,165,44,136,159,21
418,2026-02,APAC,Safety Components,145,143,34,121,132,23
419,2026-03,APAC,Safety Components,194,194,56,139,184,11
420,2026-04,APAC,Safety Components,147,141,53,111,132,32
421,2026-05,APAC,Safety Components,165,167,60,114,156,18
422,2026-06,APAC,Safety Components,152,143,37,123,131,29
423,2026-07,APAC,Safety Components,186,191,55,143,186,12
424,2026-08,APAC,Safety Components,151,148,42,123,142,23
425,2026-01,Northern Europe,Safety Components,65,72,25,71,70,26
426,2026-02,Northern Europe,Safety Components,149,153,46,120,153,13
427,2026-03,Northern Europe,Safety Components,132,143,45,91,129,7
428,2026-04,Northern Europe,Safety Components,78,73,16,85,71,30
429,2026-05,Northern Europe,Safety Components,150,134,45,95,130,10
430,2026-06,Northern Europe,Safety Components,153,162,54,103,154,3
431,2026-07,Northern Europe,Safety Components,114,111,28,109,106,31
432,2026-08,Northern Europe,Safety Components,75,64,19,75,63,31
433,2026-01,Central Europe,Safety Components,139,133,42,105,131,16
434,2026-02,Central Europe,Safety Components,135,154,47,118,145,20
435,2026-03,Central Europe,Safety Components,116,111,30,92,102,20
436,2026-04,Central Europe,Safety Components,131,146,44,96,136,4
437,2026-05,Central Europe,Safety Components,116,119,36,82,111,7
438,2026-06,Central Europe,Safety Components,192,202,58,142,185,15
439,2026-07,Central Europe,Safety Components,120,115,21,103,109,15
440,2026-08,Central Europe,Safety Components,155,169,46,130,164,12
441,2026-01,Americas,Safety Components,115,119,32,98,116,14
442,2026-02,Americas,Safety Components,172,176,53,133,164,22
443,2026-03,Americas,Safety Components,177,176,53,127,163,17
444,2026-04,Americas,Safety Components,189,200,62,144,195,11
445,2026-05,Americas,Safety Components,179,189,55,136,174,17
446,2026-06,Americas,Safety Components,175,187,59,122,176,5
447,2026-07,Americas,Safety Components,155,174,55,133,167,21
448,2026-08,Americas,Safety Components,181,173,47,142,168,21
449,2026-01,EMEA,Safety Components,138,144,48,90,133,5
450,2026-02,EMEA,Safety Components,130,130,36,104,122,18
451,2026-03,EMEA,safety components,171,159,50,126,152,24
452,2026-04,EMEA,Safety Components,147,144,49,95,137,7
453,2026-05,EMEA,Safety Components,113,113,35,74,105,4
454,2026-06,EMEA,Safety Components,139,137,37,109,131,15
455,2026-07,EMEA,Safety Components,129,130,39,86,121,4
456,2026-08,EMEA,Safety Components,111,104,28,100,100,28
457,2026-01,APAC,Safety Components,169,192,56,157,181,32
458,2026-02,APAC,Safety Components,134,137,45,92,131,6
459,2026-03,APAC,Safety Components,123,108,28,86,106,8
460,2026-04,APAC,Safety Components,132,139,53,98,130,21
461,2026-05,APAC,Safety Components,160,141,35,124,137,22
462,2026-06,APAC,Safety Components,190,193,52,130,176,6
463,2026-07,APAC,Safety Components,128,125,44,92,115,21
464,2026-08,APAC,Safety Components,134,130,42,105,121,26
465,2026-01,Northern Europe,Safety Components,119,120,28,106,113,21
466,2026-02,Northern Europe,Safety Components,88,90,22,76,89,9
467,2026-03,Northern Europe,Safety Components,81,103,26,100,102,24
468,2026-04,Northern Europe,Safety Components,150,160,51,107,151,7
469,2026-05,Northern Europe,Safety Components,69,62,17,54,58,13
470,2026-06,Northern Europe,Safety Components,124,115,39,102,111,30
471,2026-07,Northern Europe,Safety Components,97,121,41,87,113,15
472,2026-08,Northern Europe,Safety Components,98,114,27,96,114,9
473,2026-01,Central Europe,Safety Components,125,141,43,106,140,9
474,2026-02,Central Europe,Safety Components,137,147,44,119,135,28
475,2026-03,Central Europe,Safety Components,175,176,55,122,173,4
476,2026-04,Central Europe,Safety Components,146,146,41,125,134,32
477,2026-05,Central Europe,Safety Components,158,159,48,117,156,9
478,2026-06,Central Europe,Safety Components,154,155,45,136,154,27
479,2026-07,Central Europe,Safety Components,132,129,42,106,125,23
480,2026-08,Central Europe,Safety Components,93,83,23,73,80,16
481,2026-01,Americas,Safety Components,142,148,48,114,143,19
482,2026-02,Americas,Safety Components,144,136,50,91,128,13
483,2026-03,Americas,Safety Components,160,151,44,125,148,21
484,2026-04,Americas,Safety Components,136,124,33,104,124,13
485,2026-05,Americas,safety components,151,163,47,128,150,25
486,2026-06,Americas,Safety Components,160,152,47,124,149,22
487,2026-07,Americas,Safety Components,147,155,44,134,149,29
488,2026-08,Americas,Safety Components,140,140,30,117,140,7
489,2026-01,EMEA,Safety Components,82,88,21,68,79,10
490,2026-02,EMEA,Safety Components,151,166,48,119,158,9
491,2026-03,EMEA,Safety Components,126,125,36,100,123,13
492,2026-04,EMEA,Safety Components,114,100,37,71,99,9
493,2026-05,EMEA,Safety Components,170,168,51,138,157,32
494,2026-06,EMEA,Safety Components,154,146,44,110,138,16
495,2026-07,EMEA,Safety Components,149,147,42,96,136,2
496,2026-08,EMEA,Safety Components,132,131,44,99,126,17
497,2026-01,APAC,Safety Components,150,154,46,107,146,7
498,2026-02,APAC,Safety Components,195,186,54,141,174,21
499,2026-03,APAC,Safety Components,157,149,41,124,144,21
500,2026-04,APAC,Safety Components,143,147,46,116,147,15
